"ListEntry","dataset","end.date","entity","entry.date","name","point","start.date","typology","url","geography","heritage.at.risk","organisation","Name","hyperlink","NGR","Easting","Northing","grade","lat","lon","Grade"
1001731,"heritage-at-risk",NA,7500726,"2024-09-26","Offa's Dyke: Rushock Hill section, extending 1630yds (1490m) east to Kennel Wood","POINT(-3.032993 52.229575)",NA,"geography","https://historicengland.org.uk/advice/heritage-at-risk/search-register/list-entry/37764",NA,NA,NA,"Offa's Dyke: Rushock Hill section, extending 1630yds (1490m) E to Kennel Wood","https://historicengland.org.uk/listing/the-list/list-entry/1001731","SO 29562 59529",329562,259529,NA,52.2294359126987,-3.03272038639519,NA
1001733,"heritage-at-risk",NA,7500390,"2021-12-01","Offa's Dyke: the section 630yds (580m) long west of Lyonshall","POINT(-2.984735 52.198062)",NA,"geography","https://historicengland.org.uk/advice/heritage-at-risk/search-register/list-entry/34594",NA,NA,NA,"Offa's Dyke: the section 630yds (580m) long W of Lyonshall","https://historicengland.org.uk/listing/the-list/list-entry/1001733","SO 32790 55995",332790,255995,NA,52.1980727688308,-2.98476317596531,NA
1001735,"heritage-at-risk",NA,7500391,"2024-09-26","Offa's Dyke: section north west of Holme Marsh extending 615 yards (560 metres) to the railway","POINT(-2.974065 52.189224)",NA,"geography","https://historicengland.org.uk/advice/heritage-at-risk/search-register/list-entry/37756",NA,NA,NA,"Offa's Dyke: section NW of Holme Marsh extending 615yds (560m) to the railway","https://historicengland.org.uk/listing/the-list/list-entry/1001735","SO 33493 55016",333493,255016,NA,52.1893578466299,-2.97428676871494,NA
1001738,"heritage-at-risk",NA,7500727,"2024-09-26","Offa's Dyke: the section extending 950yds (870m) N and S of Big Oaks","POINT(-2.867624 52.083725)",NA,"geography","https://historicengland.org.uk/advice/heritage-at-risk/search-register/list-entry/34587",NA,NA,NA,"Offa's Dyke: the section extending 950yds (870m) N and S of Big Oaks","https://historicengland.org.uk/listing/the-list/list-entry/1001738","SO 40636 43192, SO 40811 42789",340636,243192,NA,52.0838832805788,-2.8677436763986,NA
1001747,"heritage-at-risk",NA,7500728,"2024-09-26","Sutton Walls (camp)","POINT(-2.694551 52.113900)",NA,"geography","https://historicengland.org.uk/advice/heritage-at-risk/search-register/list-entry/35712",NA,NA,NA,"Sutton Walls (camp)","https://historicengland.org.uk/listing/the-list/list-entry/1001747","SO 52520 46404",352520,246404,NA,52.1139081461655,-2.69477840240727,NA
1001758,"heritage-at-risk",NA,7500504,"2024-09-26","Dinedor Camp","POINT(-2.695883 52.023538)",NA,"geography","https://historicengland.org.uk/advice/heritage-at-risk/search-register/list-entry/35701",NA,NA,NA,"Dinedor Camp","https://historicengland.org.uk/listing/the-list/list-entry/1001758","SO 52357 36358",352357,236358,NA,52.0235813269499,-2.6957529409245,NA
1001778,"heritage-at-risk",NA,7500505,"2024-09-26","Motte and bailey, west of St Mary's Church","POINT(-2.961579 51.919567)",NA,"geography","https://historicengland.org.uk/advice/heritage-at-risk/search-register/list-entry/43323",NA,NA,NA,"Motte and bailey, W of St Mary's Church","https://historicengland.org.uk/listing/the-list/list-entry/1001778","SO 33964 24999",333964,224999,NA,51.9195816937558,-2.96158548199207,NA
1001789,"heritage-at-risk",NA,7502103,"2024-09-26","Gilkicker Fort, Fort Road, Gilkicker Point","POINT(-1.140891 50.774004)",NA,"geography","https://historicengland.org.uk/advice/heritage-at-risk/search-register/list-entry/46649",NA,NA,NA,"Gilkicker fort","https://historicengland.org.uk/listing/the-list/list-entry/1001789","SZ 60679 97497",460679,97497,NA,50.7738898125786,-1.14081318554153,NA
1001794,"heritage-at-risk",NA,7500506,"2024-09-26","Andover-Redbridge canal, Chalk Hill Lock, Horsebridge","POINT(-1.506053 51.074787)",NA,"geography","https://historicengland.org.uk/advice/heritage-at-risk/search-register/list-entry/30386",NA,NA,NA,"Andover-Redbridge canal, Chalk Hill Lock, Horsebridge","https://historicengland.org.uk/listing/the-list/list-entry/1001794","SU 34701 30724",434701,130724,NA,51.0747987345637,-1.5060627654243,NA
1001808,"heritage-at-risk",NA,7500507,"2024-09-26","Fort Southwick, Portsdown Hill, Portsmouth","POINT(-1.108698 50.858324)",NA,"geography","https://historicengland.org.uk/advice/heritage-at-risk/search-register/list-entry/48364",NA,NA,NA,"Fort Southwick
See also HAMPSHIRE 500","https://historicengland.org.uk/listing/the-list/list-entry/1001808","SU 62824 06926",462824,106838,NA,50.8576508623299,-1.10879991749887,NA
1001810,"heritage-at-risk",NA,7500508,"2024-09-26","Gunboat Traverser System, Haslar Gunboat Yard","POINT(-1.126400 50.787429)",NA,"geography","https://historicengland.org.uk/advice/heritage-at-risk/search-register/list-entry/27592",NA,NA,NA,"Gunboat Traverser System","https://historicengland.org.uk/listing/the-list/list-entry/1001810","SZ6165998976",461659,98976,NA,50.7870851250304,-1.12666887409536,NA
1001814,"heritage-at-risk",NA,7502104,"2022-12-21","'Banjo type' native settlement","POINT(-1.241109 51.109140)",NA,"geography","https://historicengland.org.uk/advice/heritage-at-risk/search-register/list-entry/27706",NA,NA,NA,"'Banjo type' native settlement","https://historicengland.org.uk/listing/the-list/list-entry/1001814","SU 53223 34701",453223,134701,NA,51.1091418790967,-1.24111967035475,NA
1001841,"heritage-at-risk",NA,7502105,"2024-09-26","Fort Elson, RNAD, Military Road, Gosport","POINT(-1.150829 50.822542)",NA,"geography","https://historicengland.org.uk/advice/heritage-at-risk/search-register/list-entry/46645",NA,NA,NA,"Fort Elson","https://historicengland.org.uk/listing/the-list/list-entry/1001841","SU 59902 02893",459902,102893,NA,50.8224889042105,-1.15095288815635,NA
1001848,"heritage-at-risk",NA,7505040,"2024-09-26","Roman villa in Bottom Copse","POINT(-1.112488 50.936591)",NA,"geography","https://historicengland.org.uk/advice/heritage-at-risk/search-register/list-entry/31721",NA,NA,NA,"Roman villa in Bottom Copse","https://historicengland.org.uk/listing/the-list/list-entry/1001848","SU 62461 15612",462461,115612,NA,50.9365799443754,-1.11245861981474,NA
1001849,"heritage-at-risk",NA,7500729,"2024-09-26","Fortifications S of Trinity Church","POINT(-1.119839 50.791863)",NA,"geography","https://historicengland.org.uk/advice/heritage-at-risk/search-register/list-entry/30384",NA,NA,NA,"Bastion No 1, Gosport Lines","https://historicengland.org.uk/listing/the-list/list-entry/1001849","SZ6213999513",462139,99513,NA,50.7918624040366,-1.11976977459563,NA
1001852,"heritage-at-risk",NA,7500392,"2024-09-26","No.5 and No.6 Dock, Basin No.1, Portsmouth Dockyard","POINT(-1.109879 50.802474)",NA,"geography","https://historicengland.org.uk/advice/heritage-at-risk/search-register/list-entry/48740",NA,NA,NA,"Portsmouth Dockyard, the Docks","https://historicengland.org.uk/listing/the-list/list-entry/1001852","SU 62808 00626",462808,100626,NA,50.8017979310289,-1.11008956598385,NA
1001856,"heritage-at-risk",NA,7500730,"2024-09-26","Fort Fareham, Newgate Lane, Fareham","POINT(-1.188637 50.840810)",NA,"geography","https://historicengland.org.uk/advice/heritage-at-risk/search-register/list-entry/46643",NA,NA,NA,"Fort Fareham","https://historicengland.org.uk/listing/the-list/list-entry/1001856","SU 57232 04906",457232,104906,NA,50.8408585433905,-1.18854044286508,NA
1001857,"heritage-at-risk",NA,7502106,"2022-12-21","Roman site north west of Woodgarston Farm","POINT(-1.169868 51.298538)",NA,"geography","https://historicengland.org.uk/advice/heritage-at-risk/search-register/list-entry/27702",NA,NA,NA,"Roman site NW of Woodgarston Farm","https://historicengland.org.uk/listing/the-list/list-entry/1001857","SU 57972 55817",457972,155817,NA,51.2985357083715,-1.16988568479534,NA
1001861,"heritage-at-risk",NA,7500509,"2024-09-26","Hilsea Lines - Centre Bastion (excluding casemates referred to as Bastion 4), East Centre Curtain (Railway) west side (formerly known as Bastion no. 5), Hilsea","POINT(-1.063191 50.834186)",NA,"geography","https://historicengland.org.uk/advice/heritage-at-risk/search-register/list-entry/46664",NA,NA,NA,"Hilsea Lines","https://historicengland.org.uk/listing/the-list/list-entry/1001861","SU6602304224",466254,104304,NA,50.8344848615045,-1.06053275902676,NA
1001862,"heritage-at-risk",NA,7500510,"2024-09-26","Fort Widley, Portsmouth","POINT(-1.068213 50.854455)",NA,"geography","https://historicengland.org.uk/advice/heritage-at-risk/search-register/list-entry/2289505",NA,NA,NA,"Fort Widley","https://historicengland.org.uk/listing/the-list/list-entry/1001862","SU 65680 06524",465680,106524,NA,50.8545108358604,-1.06828526985172,NA
1001885,"heritage-at-risk",NA,7500393,"2024-09-26","Castle Hill","POINT(-1.423585 50.950063)",NA,"geography","https://historicengland.org.uk/advice/heritage-at-risk/search-register/list-entry/27921",NA,NA,NA,"Castle Hill","https://historicengland.org.uk/listing/the-list/list-entry/1001885","SU 40586 16895",440586,116895,NA,50.9500667755685,-1.42360859642851,NA
1001903,"heritage-at-risk",NA,7500394,"2021-05-27","Corhampton British village on Corhampton Down","POINT(-1.183626 50.978107)",NA,"geography","https://historicengland.org.uk/advice/heritage-at-risk/search-register/list-entry/30038",NA,NA,NA,"Corhampton British village on Corhampton Down","https://historicengland.org.uk/listing/the-list/list-entry/1001903","SU 57410 20173",457410,120173,NA,50.978113666272,-1.18361569619845,NA
1001940,"heritage-at-risk",NA,7500731,"2024-09-26","The Moat","POINT(-1.484189 51.132998)",NA,"geography","https://historicengland.org.uk/advice/heritage-at-risk/search-register/list-entry/30042",NA,NA,NA,"The Moat","https://historicengland.org.uk/listing/the-list/list-entry/1001940","SU 36183 37213",436183,137213,NA,51.1330547152936,-1.48426141118689,NA
1001942,"heritage-at-risk",NA,7500527,"2024-09-26","Ruins of St Nicholas Chapel, Westbury","POINT(-1.066047 51.011462)",NA,"geography","https://historicengland.org.uk/advice/heritage-at-risk/search-register/list-entry/50119",NA,NA,NA,"St Nicholas Chapel and deserted medieval village, Westbury","https://historicengland.org.uk/listing/the-list/list-entry/1001942","SU 65619 23975",465619,123975,NA,51.0114222970741,-1.06601510106866,NA
1001955,"heritage-at-risk",NA,7502107,"2022-12-21","Oldknow's lime kilns, Marple","POINT(-2.057110 53.392727)",NA,"geography","https://historicengland.org.uk/advice/heritage-at-risk/search-register/list-entry/3533517",NA,NA,NA,"Oldknow's limekilns, Strines Road","https://historicengland.org.uk/listing/the-list/list-entry/1001955","SJ 96295 88438",396295,388438,NA,53.3927630144975,-2.0571773908785,NA
1001963,"heritage-at-risk",NA,7500732,"2024-09-26","Hanwell flight of locks and brick boundary wall of St Bernard's Hospital","POINT(-0.348093 51.504869)",NA,"geography","https://historicengland.org.uk/advice/heritage-at-risk/search-register/list-entry/41920",NA,NA,NA,"Hanwell flight of locks and brick boundary wall of St Bernard's Hospital","https://historicengland.org.uk/listing/the-list/list-entry/1001963","TQ 14726 79786, TQ 14607 79781, TQ 14438 79752, TQ 14823 79748, TQ 14582 79797, TQ 14903 79686, TQ 14984 79609",514823,179748,NA,51.5050101331193,-0.347001577401913,NA
1001973,"heritage-at-risk",NA,7502108,"2024-09-26","Romano-British masonry building and Saxon cemetery, Fordcroft, Orpington","POINT(0.106963 51.388440)",NA,"geography","https://historicengland.org.uk/advice/heritage-at-risk/search-register/list-entry/41811",NA,NA,NA,"Romano-British masonry building and Saxon cemetery, Fordcroft, Orpington","https://historicengland.org.uk/listing/the-list/list-entry/1001973","TQ 46710 67596",546710,167596,NA,51.3884486348519,0.107100445364709,NA
1001976,"heritage-at-risk",NA,7500528,"2024-09-26","Merton Priory (site of), Merantun Way, Colliers Wood","POINT(-0.181209 51.414191)",NA,"geography","https://historicengland.org.uk/advice/heritage-at-risk/search-register/list-entry/43168",NA,NA,NA,"The Augustinian Priory of St Mary at Merton, 271m ENE of Abbey Wall Works","https://historicengland.org.uk/listing/the-list/list-entry/1001976","TQ 26564 69922",526564,169922,NA,51.4141991695153,-0.181436075526038,NA
1001979,"heritage-at-risk",NA,7500529,"2024-09-26","Roman boat at New Guy's House, Bermondsey","POINT(-0.087889 51.502648)",NA,"geography","https://historicengland.org.uk/advice/heritage-at-risk/search-register/list-entry/40364",NA,NA,NA,"Roman riverboat, 136m west of Greenwood Theatre","https://historicengland.org.uk/listing/the-list/list-entry/1001979","TQ 32810 79923",532810,179923,NA,51.5026461458573,-0.0879204504507763,NA
1001982,"heritage-at-risk",NA,7502109,"2024-09-26","Priory and Hospital of St Mary Spital, Steward Street","POINT(-0.077765 51.520811)",NA,"geography","https://historicengland.org.uk/advice/heritage-at-risk/search-register/list-entry/41922",NA,NA,NA,"Priory and Hospital of St Mary Spital","https://historicengland.org.uk/listing/the-list/list-entry/1001982","TQ 33458 81957",533458,181850,NA,51.5198104126467,-0.077861208060846,NA
1001988,"heritage-at-risk",NA,7500733,"2024-09-26","Dagnam Park Farm moated site, Noak Hill, Romford","POINT(0.236674 51.611148)",NA,"geography","https://historicengland.org.uk/advice/heritage-at-risk/search-register/list-entry/43166",NA,NA,NA,"Dagnam Park Farm moated site, Noak Hill, Romford","https://historicengland.org.uk/listing/the-list/list-entry/1001988","TQ 54964 92629",554964,192629,NA,51.6111693435897,0.236617388328985,NA
1001991,"heritage-at-risk",NA,7505041,"2024-09-26","Upminster Tithe Barn, Hall Lane, Upminster RM14","POINT(0.256960 51.566818)",NA,"geography","https://historicengland.org.uk/advice/heritage-at-risk/search-register/list-entry/45261",NA,NA,NA,"Medieval grange barn, 228m south-east of Upminster Court","https://historicengland.org.uk/listing/the-list/list-entry/1001991","TQ 56523 87740",556523,187740,NA,51.5668140218637,0.256935583503177,NA
1001996,"heritage-at-risk",NA,7502110,"2024-09-26","Linear earthworks in Pear Wood, west of Watling Street","POINT(-0.307013 51.628690)",NA,"geography","https://historicengland.org.uk/advice/heritage-at-risk/search-register/list-entry/37743",NA,NA,NA,"Linear earthworks in Pear Wood, W of Watling Street","https://historicengland.org.uk/listing/the-list/list-entry/1001996","TQ 17173 93499, TQ 17328 93599",517328,193599,NA,51.6289811963527,-0.306306254894694,NA
1002001,"heritage-at-risk",NA,7500409,"2024-09-26","Moated site, west bank of River Pinn, near Ickenham (1/2 mile (800m) north west of church)","POINT(-0.454227 51.569781)",NA,"geography","https://historicengland.org.uk/advice/heritage-at-risk/search-register/list-entry/43304",NA,NA,NA,"Medieval moated site 382m south-east of Brackenbury Farm","https://historicengland.org.uk/listing/the-list/list-entry/1002001","TQ 07229 86789",507229,186789,NA,51.5697859385515,-0.454230649995043,NA
1002006,"heritage-at-risk",NA,7500734,"2024-09-26","Manor Farm moat, Ickenham","POINT(-0.440550 51.557013)",NA,"geography","https://historicengland.org.uk/advice/heritage-at-risk/search-register/list-entry/43297",NA,NA,NA,"Ickenham Manor Farm","https://historicengland.org.uk/listing/the-list/list-entry/1002006","TQ0821785386",508217,185377,NA,51.5569062836508,-0.440415093273838,NA
1002007,"heritage-at-risk",NA,7502111,"2024-09-26","Grim's Ditch: section north of Blythwood House","POINT(-0.391728 51.602597)",NA,"geography","https://historicengland.org.uk/advice/heritage-at-risk/search-register/list-entry/45822",NA,NA,NA,"Grim's Ditch: section N of Blythwood House","https://historicengland.org.uk/listing/the-list/list-entry/1002007","TQ 11504 90567",511504,190567,NA,51.6029134943961,-0.391375271618799,NA
1002024,"heritage-at-risk",NA,7500735,"2024-09-26","Iron Age settlement and Roman villa at Warbank, Keston","POINT(0.029397 51.350512)",NA,"geography","https://historicengland.org.uk/advice/heritage-at-risk/search-register/list-entry/44361",NA,NA,NA,"Iron Age settlement and Roman villa at Warbank, Keston","https://historicengland.org.uk/listing/the-list/list-entry/1002024","TQ 41422 63227",541422,163227,NA,51.3505300052736,0.0294177845121737,NA
1002035,"heritage-at-risk",NA,7500410,"2021-05-27","Roman wall in basement of 90 Gracechurch Street","POINT(-0.084206 51.512980)",NA,"geography","https://historicengland.org.uk/advice/heritage-at-risk/search-register/list-entry/36137",NA,NA,NA,"Roman wall in basement of 90 Gracechurch Street","https://historicengland.org.uk/listing/the-list/list-entry/1002035","TQ 33036 81079",533036,181079,NA,51.512981349361,-0.0842305795327583,NA
1002040,"heritage-at-risk",NA,7505038,"2024-09-26","Site of Elsynge Hall, Forty Hall","POINT(-0.066553 51.672467)",NA,"geography","https://historicengland.org.uk/advice/heritage-at-risk/search-register/list-entry/34573",NA,NA,NA,"Elsyng Palace","https://historicengland.org.uk/listing/the-list/list-entry/1002040","TQ3385798871",533857,198796,NA,51.6719963222246,-0.0656545404491733,NA
1002042,"heritage-at-risk",NA,7500530,"2024-09-26","Romano-British site 1000yds (910m) west of East Bedfont parish church","POINT(-0.453375 51.453010)",NA,"geography","https://historicengland.org.uk/advice/heritage-at-risk/search-register/list-entry/36249",NA,NA,NA,"Romano-British site 1000yds (910m) W of East Bedfont parish church","https://historicengland.org.uk/listing/the-list/list-entry/1002042","TQ 07560 73802",507560,173802,NA,51.4529937289923,-0.453414466295853,NA
1002043,"heritage-at-risk",NA,7500531,"2024-09-26","Double ditched enclosure beside A30 road 500yds (460m) west of East Bedfont parish church","POINT(-0.446892 51.451834)",NA,"geography","https://historicengland.org.uk/advice/heritage-at-risk/search-register/list-entry/34574",NA,NA,NA,"Part of a causewayed enclosure, 632m north-east of Mayfield Farm","https://historicengland.org.uk/listing/the-list/list-entry/1002043","TQ 08030 73664",508030,173664,NA,51.4516639688208,-0.446695108763992,NA
1002044,"heritage-at-risk",NA,7500532,"2024-09-26","Grim's Ditch: section extending 1500yds (1370m) north east from Oxhey Lane","POINT(-0.357139 51.621597)",NA,"geography","https://historicengland.org.uk/advice/heritage-at-risk/search-register/list-entry/34575",NA,NA,NA,"Grim's Ditch: section extending 1500yds (1370m) NE from Oxhey Lane","https://historicengland.org.uk/listing/the-list/list-entry/1002044","TQ 13900 92907",513900,192907,NA,51.6234654719999,-0.356034647552542,NA
1002050,"heritage-at-risk",NA,7502112,"2021-12-01","London Wall: remains of Roman and medieval wall from west end of All Hallows Church to 38 Camomile Street","POINT(-0.082656 51.516430)",NA,"geography","https://historicengland.org.uk/advice/heritage-at-risk/search-register/list-entry/40359",NA,NA,NA,"London Wall: remains of Roman and medieval wall from W end of All Hallows Church to 38 Camomile Street","https://historicengland.org.uk/listing/the-list/list-entry/1002050","TQ 33123 81467",533123,181467,NA,51.5164476008481,-0.082831193844608,NA
1002067,"heritage-at-risk",NA,7500411,"2021-12-01","London Wall: section bounding All Hallows Churchyard","POINT(-0.084548 51.516707)",NA,"geography","https://historicengland.org.uk/advice/heritage-at-risk/search-register/list-entry/37739",NA,NA,NA,"London Wall: section bounding All Hallows Churchyard","https://historicengland.org.uk/listing/the-list/list-entry/1002067","TQ 33001 81492",533001,181492,NA,51.5167009707033,-0.0845789689771886,NA
1002079,"heritage-at-risk",NA,7500533,"2024-09-26","Lydney Docks and Harbour, Naas Lane","POINT(-2.508868 51.709915)",NA,"geography","https://historicengland.org.uk/advice/heritage-at-risk/search-register/list-entry/48485",NA,NA,NA,"Lydney Harbour","https://historicengland.org.uk/listing/the-list/list-entry/1002079","SO 64955 01371",364955,201371,NA,51.7099708068851,-2.50859896373379,NA
1002080,"heritage-at-risk",NA,7502113,"2024-09-26","Gunns Mill Furnace","POINT(-2.472923 51.841183)",NA,"geography","https://historicengland.org.uk/advice/heritage-at-risk/search-register/list-entry/46843",NA,NA,NA,"Gunns Mills furnace","https://historicengland.org.uk/listing/the-list/list-entry/1002080","SO 67516 15945",367516,215945,NA,51.8411564123858,-2.47290393622728,NA
1002082,"heritage-at-risk",NA,7505042,"2024-09-26","Tower of the former Church of St Michael, Eastgate Street, Gloucester","POINT(-2.245819 51.865197)",NA,"geography","https://historicengland.org.uk/advice/heritage-at-risk/search-register/list-entry/48383",NA,NA,NA,"Tower of St Michael's Church","https://historicengland.org.uk/listing/the-list/list-entry/1002082","SO8317018540",383170,218541,NA,51.8651911160751,-2.24581951896487,NA
1002091,"heritage-at-risk",NA,7502114,"2024-09-26","Llanthony Priory, remains of precinct wall north of Inner Gatehouse, Llanthony Road, Gloucester","POINT(-2.256931 51.860077)",NA,"geography","https://historicengland.org.uk/advice/heritage-at-risk/search-register/list-entry/49980",NA,NA,NA,"Llanthony Secunda Priory","https://historicengland.org.uk/listing/the-list/list-entry/1002091","SO 82406 17968",382406,217968,NA,51.8600156511035,-2.2568852362977,NA
1002092,"heritage-at-risk",NA,7500736,"2024-09-26","Over earthwork","POINT(-2.272072 51.876274)",NA,"geography","https://historicengland.org.uk/advice/heritage-at-risk/search-register/list-entry/40704",NA,NA,NA,"Over earthwork","https://historicengland.org.uk/listing/the-list/list-entry/1002092","SO 81364 19763",381364,219763,NA,51.8761200854556,-2.27211325912293,NA
1002102,"heritage-at-risk",NA,7505139,"2024-09-26","Portion of remains of Roman wall known as King's Bastion, underneath King's Walk","POINT(-2.245724 51.863407)",NA,"geography","https://historicengland.org.uk/advice/heritage-at-risk/search-register/list-entry/39696",NA,NA,NA,"Remains of Roman wall","https://historicengland.org.uk/listing/the-list/list-entry/1002102","SO 83147 18229, SO 83017 18300, SO 83331 18452, SO 83216 18314",383017,218300,NA,51.8630196607873,-2.24802951350066,NA
1002103,"heritage-at-risk",NA,7505140,"2024-09-26","St Oswald's Priory, Priory Road, Gloucester","POINT(-2.248004 51.869335)",NA,"geography","https://historicengland.org.uk/advice/heritage-at-risk/search-register/list-entry/49275",NA,NA,NA,"St Oswald's Priory (St Catherine's Church)","https://historicengland.org.uk/listing/the-list/list-entry/1002103","SO 83026 18996",383026,218996,NA,51.8692775438791,-2.2479332564595,NA
1002126,"heritage-at-risk",NA,7500534,"2024-09-26","Wickham Bishops timber trestle railway viaduct","POINT(0.642610 51.775028)",NA,"geography","https://historicengland.org.uk/advice/heritage-at-risk/search-register/list-entry/3118359",NA,NA,NA,"Wickham Bishops timber trestle railway viaduct","https://historicengland.org.uk/listing/the-list/list-entry/1002126","TL 82411 11760",582411,211760,NA,51.7747815981251,0.642586514434195,NA
1002134,"heritage-at-risk",NA,7500412,"2024-09-26","Crop mark complex, Orsett","POINT(0.343589 51.505251)",NA,"geography","https://historicengland.org.uk/advice/heritage-at-risk/search-register/list-entry/29562",NA,NA,NA,"Crop mark complex, Orsett","https://historicengland.org.uk/listing/the-list/list-entry/1002134","TQ 62954 81111, TQ 63121 81258, TQ 62684 81178, TQ 62349 81000, TQ 62561 81006",562954,181111,NA,51.5054399334108,0.346574861653019,NA
1002144,"heritage-at-risk",NA,7500535,"2024-09-26","Ruins of Church of St Mary, North of Birch Hall","POINT(0.830282 51.851433)",NA,"geography","https://historicengland.org.uk/advice/heritage-at-risk/search-register/list-entry/46122",NA,NA,NA,"Remains of St Mary's Church","https://historicengland.org.uk/listing/the-list/list-entry/1002144","TL 95035 20777",595035,220777,NA,51.8515019599694,0.830406361696476,NA
1002146,"heritage-at-risk",NA,7500536,"2024-09-26","Crop mark site south of Ardleigh","POINT(0.990384 51.918312)",NA,"geography","https://historicengland.org.uk/advice/heritage-at-risk/search-register/list-entry/26395",NA,NA,NA,"Crop mark site S of Ardleigh","https://historicengland.org.uk/listing/the-list/list-entry/1002146","TM 05834 28780, TM 05657 28361",605834,228780,NA,51.9194837928032,0.991748690261808,NA
1002161,"heritage-at-risk",NA,7500537,"2024-09-26","Site of Waltham Hall","POINT(0.276200 51.895386)",NA,"geography","https://historicengland.org.uk/advice/heritage-at-risk/search-register/list-entry/29848",NA,NA,NA,"Site of Waltham Hall","https://historicengland.org.uk/listing/the-list/list-entry/1002161","TL 56717 24318",556717,224318,NA,51.8953790956122,0.276185555221511,NA
1002193,"heritage-at-risk",NA,7500538,"2024-09-26","St Osyth's Priory","POINT(1.075115 51.799701)",NA,"geography","https://historicengland.org.uk/advice/heritage-at-risk/search-register/list-entry/49527",NA,NA,NA,"Remains of St Osyth's Priory including the ruinous sections of a mid-C16 mansion","https://historicengland.org.uk/listing/the-list/list-entry/1002193","TM1213615689",612136,215724,NA,51.7999050201855,1.07524016515815,NA
1002217,"heritage-at-risk",NA,7505039,"2024-09-26","Colchester Castle","POINT(0.903780 51.891377)",NA,"geography","https://historicengland.org.uk/advice/heritage-at-risk/search-register/list-entry/29734",NA,NA,NA,"Colchester Castle and the Temple of Claudius","https://historicengland.org.uk/listing/the-list/list-entry/1002217","TL9990925391",599909,225390,NA,51.8912009358675,0.903746093677683,NA
1002242,"heritage-at-risk",NA,7500737,"2024-09-26","Newhaven Fort; Caponier, Fort Road","POINT(0.054217 50.783076)",NA,"geography","https://historicengland.org.uk/advice/heritage-at-risk/search-register/list-entry/49358",NA,NA,NA,"Newhaven military fort and lunette battery","https://historicengland.org.uk/listing/the-list/list-entry/1002242","TQ 44902 00198, TQ 45025 00096",544902,100198,NA,50.7832578383434,0.0541249420773421,NA
1002250,"heritage-at-risk",NA,7502115,"2024-09-26","Romano-British iron working site in Beauport Park","POINT(0.539933 50.902606)",NA,"geography","https://historicengland.org.uk/advice/heritage-at-risk/search-register/list-entry/29039",NA,NA,NA,"Romano-British iron working site in Beauport Park","https://historicengland.org.uk/listing/the-list/list-entry/1002250","TQ 78692 14529",578692,114529,NA,50.9025832338789,0.5399795654085,NA
1002254,"heritage-at-risk",NA,7500413,"2024-09-26","Round barrow south of Ditchling Beacon","POINT(-0.109768 50.896425)",NA,"geography","https://historicengland.org.uk/advice/heritage-at-risk/search-register/list-entry/28932",NA,NA,NA,"Round barrow S of Ditchling Beacon","https://historicengland.org.uk/listing/the-list/list-entry/1002254","TQ3302512474",533025,112474,NA,50.896433706526,-0.109800005736872,NA
1000124,"heritage-at-risk",NA,7500379,"2024-09-26","Crewe Hall","POINT(-2.399744 53.084148)",NA,"geography","https://historicengland.org.uk/advice/heritage-at-risk/search-register/list-entry/26104",NA,NA,NA,"CREWE HALL","https://historicengland.org.uk/listing/the-list/list-entry/1000124","SJ7337054317",373275,353572,NA,53.0786987456967,-2.40039146076917,"II"
1000129,"heritage-at-risk",NA,7500337,"2024-09-26","Stoke Park","POINT(-2.552928 51.490522)",NA,"geography","https://historicengland.org.uk/advice/heritage-at-risk/search-register/list-entry/26148",NA,NA,NA,"STOKE PARK","https://historicengland.org.uk/listing/the-list/list-entry/1000129","ST 61723 77175",361723,177175,NA,51.4922154359786,-2.55272410750127,"II"
1000137,"heritage-at-risk",NA,7500380,"2024-09-26","Thwaite Hall","POINT(-0.401842 53.780615)",NA,"geography","https://historicengland.org.uk/advice/heritage-at-risk/search-register/list-entry/26152",NA,NA,NA,"THWAITE HALL","https://historicengland.org.uk/listing/the-list/list-entry/1000137","TA 05392 32798",505392,432798,NA,53.7808516468271,-0.402032283920403,"II"
1000155,"heritage-at-risk",NA,7500395,"2024-09-26","Shrubland Hall","POINT(1.103647 52.133384)",NA,"geography","https://historicengland.org.uk/advice/heritage-at-risk/search-register/list-entry/24684",NA,NA,NA,"SHRUBLAND HALL","https://historicengland.org.uk/listing/the-list/list-entry/1000155","TM1181653099",612274,252889,NA,52.1335079247918,1.10019451049204,"I"
1000165,"heritage-at-risk",NA,7500351,"2024-09-26","Bramshill Park","POINT(-0.910021 51.332322)",NA,"geography","https://historicengland.org.uk/advice/heritage-at-risk/search-register/list-entry/24706",NA,NA,NA,"Bramshill Park","https://historicengland.org.uk/listing/the-list/list-entry/1000165","SU7626960141",476801,159656,NA,51.3308237770926,-0.899040425813335,"I"
1000194,"heritage-at-risk",NA,7501977,"2024-09-26","Wanstead Park","POINT(0.032099 51.567394)",NA,"geography","https://historicengland.org.uk/advice/heritage-at-risk/search-register/list-entry/24710",NA,NA,NA,"WANSTEAD PARK","https://historicengland.org.uk/listing/the-list/list-entry/1000194","TQ4104087270",540989,187461,NA,51.5684015546444,0.0328577527522428,"II*"
1000205,"heritage-at-risk",NA,7500396,"2024-09-26","The Royal Pavilion Gardens, Brighton","POINT(-0.137804 50.822766)",NA,"geography","https://historicengland.org.uk/advice/heritage-at-risk/search-register/list-entry/25151",NA,NA,NA,"THE ROYAL PAVILION, BRIGHTON","https://historicengland.org.uk/listing/the-list/list-entry/1000205","TQ 31244 04227",531244,104227,NA,50.8227193147721,-0.138065486832619,"II"
1000215,"heritage-at-risk",NA,7500352,"2024-09-26","Embley Park","POINT(-1.539065 50.984474)",NA,"geography","https://historicengland.org.uk/advice/heritage-at-risk/search-register/list-entry/26117",NA,NA,NA,"EMBLEY PARK","https://historicengland.org.uk/listing/the-list/list-entry/1000215","SU 32390 20704",432390,120710,NA,50.9848884861012,-1.53994005533874,"II"
1000249,"heritage-at-risk",NA,7500353,"2024-09-26","Warbrook House","POINT(-0.891509 51.348884)",NA,"geography","https://historicengland.org.uk/advice/heritage-at-risk/search-register/list-entry/24696",NA,NA,NA,"WARBROOK HOUSE","https://historicengland.org.uk/listing/the-list/list-entry/1000249","SU7691961766",477297,161659,NA,51.348763697145,-0.891488433900668,"II*"
1000257,"heritage-at-risk",NA,7500397,"2024-09-26","Bayham Abbey","POINT(0.341535 51.105489)",NA,"geography","https://historicengland.org.uk/advice/heritage-at-risk/search-register/list-entry/26109",NA,NA,NA,"BAYHAM ABBEY","https://historicengland.org.uk/listing/the-list/list-entry/1000257","TQ 64079 36608",564080,136609,NA,51.1053004469047,0.342334316538788,"II"
1000305,"heritage-at-risk",NA,7500398,"2024-09-26","Kidbrooke Park","POINT(0.024091 51.089268)",NA,"geography","https://historicengland.org.uk/advice/heritage-at-risk/search-register/list-entry/26114",NA,NA,NA,"KIDBROOKE PARK","https://historicengland.org.uk/listing/the-list/list-entry/1000305","TQ 41836 34124",541839,134123,NA,51.0888903179394,0.0238979472162883,"II"
1000319,"heritage-at-risk",NA,7501978,"2024-09-26","Mentmore Towers","POINT(-0.688670 51.864208)",NA,"geography","https://historicengland.org.uk/advice/heritage-at-risk/search-register/list-entry/24704",NA,NA,NA,"MENTMORE TOWERS","https://historicengland.org.uk/listing/the-list/list-entry/1000319","SP 90480 19125",490480,219126,NA,51.8633893932337,-0.687433507801915,"II*"
1000333,"heritage-at-risk",NA,7500354,"2024-09-26","Sandleford Priory","POINT(-1.313978 51.377723)",NA,"geography","https://historicengland.org.uk/advice/heritage-at-risk/search-register/list-entry/26124",NA,NA,NA,"SANDLEFORD PRIORY","https://historicengland.org.uk/listing/the-list/list-entry/1000333","SU4783664509, SU4743264564",447871,164518,NA,51.3777039832398,-1.31358621071533,"II"
1000338,"heritage-at-risk",NA,7500399,"2024-09-26","Bicton","POINT(-3.319941 50.668950)",NA,"geography","https://historicengland.org.uk/advice/heritage-at-risk/search-register/list-entry/24592",NA,NA,NA,"BICTON","https://historicengland.org.uk/listing/the-list/list-entry/1000338","SY 07035 85422, SY 06824 86308",306823,86310,NA,50.6689749300165,-3.31986987643685,"I"
1000342,"heritage-at-risk",NA,7501979,"2024-09-26","Woburn Farm, Addlestone","POINT(-0.480312 51.378838)",NA,"geography","https://historicengland.org.uk/advice/heritage-at-risk/search-register/list-entry/26139",NA,NA,NA,"WOBURN FARM","https://historicengland.org.uk/listing/the-list/list-entry/1000342","TQ0549865709",505768,165535,NA,51.3790236142892,-0.481658437249015,"II"
1000365,"heritage-at-risk",NA,7500355,"2024-09-26","Combe Bank","POINT(0.117845 51.282288)",NA,"geography","https://historicengland.org.uk/advice/heritage-at-risk/search-register/list-entry/24707",NA,NA,NA,"COMBE BANK","https://historicengland.org.uk/listing/the-list/list-entry/1000365","TQ 47874 55791",547874,155791,NA,51.28207236046,0.118919876034285,"II*"
1000367,"heritage-at-risk",NA,7501980,"2024-09-26","Shireoaks Hall","POINT(-1.183763 53.316224)",NA,"geography","https://historicengland.org.uk/advice/heritage-at-risk/search-register/list-entry/24719",NA,NA,NA,"SHIREOAKS HALL","https://historicengland.org.uk/listing/the-list/list-entry/1000367","SK 54567 80255",454567,380255,NA,53.3164231414938,-1.18238348516523,"II*"
1000373,"heritage-at-risk",NA,7500400,"2024-09-26","Crystal Palace Park","POINT(-0.069914 51.421390)",NA,"geography","https://historicengland.org.uk/advice/heritage-at-risk/search-register/list-entry/24715",NA,NA,NA,"CRYSTAL PALACE PARK","https://historicengland.org.uk/listing/the-list/list-entry/1000373","TQ 34298 70925",534298,170925,NA,51.4214351609089,-0.0699096170025986,"II*"
1000377,"heritage-at-risk",NA,7500661,"2024-09-26","Stoneleigh Abbey","POINT(-1.523938 52.341235)",NA,"geography","https://historicengland.org.uk/advice/heritage-at-risk/search-register/list-entry/24701",NA,NA,NA,"STONELEIGH ABBEY","https://historicengland.org.uk/listing/the-list/list-entry/1000377","SP3345571996, SP 31474 70826",431473,270826,NA,52.334622587779,-1.53953112988385,"II*"
1000379,"heritage-at-risk",NA,7500662,"2024-09-26","Garendon Park","POINT(-1.260305 52.769181)",NA,"geography","https://historicengland.org.uk/advice/heritage-at-risk/search-register/list-entry/26093",NA,NA,NA,"GARENDON","https://historicengland.org.uk/listing/the-list/list-entry/1000379","SK 49973 19319",449973,319319,NA,52.7691620542288,-1.26076158070539,"II"
1000390,"heritage-at-risk",NA,7500401,"2024-09-26","Fawley Court and Temple Island","POINT(-0.898861 51.550219)",NA,"geography","https://historicengland.org.uk/advice/heritage-at-risk/search-register/list-entry/24708",NA,NA,NA,"FAWLEY COURT AND TEMPLE ISLAND","https://historicengland.org.uk/listing/the-list/list-entry/1000390","SU 76497 84011, SU7711984813",476498,184016,NA,51.5498585244205,-0.898132323045586,"II*"
1000394,"heritage-at-risk",NA,7501981,"2024-09-26","Tortworth Court","POINT(-2.444529 51.627755)",NA,"geography","https://historicengland.org.uk/advice/heritage-at-risk/search-register/list-entry/24941",NA,NA,NA,"TORTWORTH COURT","https://historicengland.org.uk/listing/the-list/list-entry/1000394","ST 69376 91740",369376,191740,NA,51.6236387714965,-2.4437695997191,"II*"
1000395,"heritage-at-risk",NA,7500663,"2024-09-26","Grovelands Park","POINT(-0.115004 51.632795)",NA,"geography","https://historicengland.org.uk/advice/heritage-at-risk/search-register/list-entry/24705",NA,NA,NA,"GROVELANDS PARK","https://historicengland.org.uk/listing/the-list/list-entry/1000395","TQ 30527 94308",530527,194308,NA,51.6324483925138,-0.115455739025551,"II*"
1000402,"heritage-at-risk",NA,7500664,"2024-09-26","Allerton Park","POINT(-1.372611 54.020444)",NA,"geography","https://historicengland.org.uk/advice/heritage-at-risk/search-register/list-entry/26153",NA,NA,NA,"ALLERTON PARK","https://historicengland.org.uk/listing/the-list/list-entry/1000402","SE 41202 58432",441202,458432,NA,54.020254004046,-1.37263720287575,"II"
1000404,"heritage-at-risk",NA,7500665,"2024-09-26","Elvaston Castle","POINT(-1.393404 52.891663)",NA,"geography","https://historicengland.org.uk/advice/heritage-at-risk/search-register/list-entry/24713",NA,NA,NA,"ELVASTON CASTLE","https://historicengland.org.uk/listing/the-list/list-entry/1000404","SK 41482 32897",441482,332897,NA,52.8919304909787,-1.38488196376231,"II*"
1000413,"heritage-at-risk",NA,7500356,"2024-09-26","Oulton Hall","POINT(-1.460831 53.744892)",NA,"geography","https://historicengland.org.uk/advice/heritage-at-risk/search-register/list-entry/26154",NA,NA,NA,"OULTON HALL","https://historicengland.org.uk/listing/the-list/list-entry/1000413","SE3558827703",435594,427714,NA,53.7445941238583,-1.4617817155356,"II"
1000414,"heritage-at-risk",NA,7500357,"2024-09-26","Bearwood College","POINT(-0.885554 51.411530)",NA,"geography","https://historicengland.org.uk/advice/heritage-at-risk/search-register/list-entry/24703",NA,NA,NA,"BEARWOOD COLLEGE","https://historicengland.org.uk/listing/the-list/list-entry/1000414","SU 77598 68769",477599,168772,NA,51.4126681041145,-0.8856013487391,"II*"
1000420,"heritage-at-risk",NA,7500666,"2024-09-26","Redlynch Park","POINT(-2.432065 51.090618)",NA,"geography","https://historicengland.org.uk/advice/heritage-at-risk/search-register/list-entry/26133",NA,NA,NA,"REDLYNCH PARK","https://historicengland.org.uk/listing/the-list/list-entry/1000420","ST6901232274",369841,132385,NA,51.0899778969351,-2.43200053480294,"II"
1000472,"heritage-at-risk",NA,7500402,"2024-09-26","Tottenham House and Savernake Forest","POINT(-1.670110 51.391870)",NA,"geography","https://historicengland.org.uk/advice/heritage-at-risk/search-register/list-entry/24699",NA,NA,NA,"TOTTENHAM HOUSE AND SAVERNAKE FOREST","https://historicengland.org.uk/listing/the-list/list-entry/1000472","SU2285566376",422856,166378,NA,51.3959814543417,-1.67286809633693,"II*"
1000484,"heritage-at-risk",NA,7500667,"2024-09-26","Trent Park","POINT(-0.140819 51.661538)",NA,"geography","https://historicengland.org.uk/advice/heritage-at-risk/search-register/list-entry/26118",NA,NA,NA,"TRENT PARK","https://historicengland.org.uk/listing/the-list/list-entry/1000484","TQ 28735 97589",528735,197589,NA,51.6623456205991,-0.140126632852789,"II"
1000517,"heritage-at-risk",NA,7501982,"2024-09-26","Broomfield Park","POINT(-0.118080 51.618575)",NA,"geography","https://historicengland.org.uk/advice/heritage-at-risk/search-register/list-entry/25282",NA,NA,NA,"BROOMFIELD HOUSE","https://historicengland.org.uk/listing/the-list/list-entry/1000517","TQ 30412 92729",530412,192729,NA,51.6182854903069,-0.117703742227021,"II"
1000530,"heritage-at-risk",NA,7500358,"2024-09-26","Aldermaston Court","POINT(-1.145050 51.378327)",NA,"geography","https://historicengland.org.uk/advice/heritage-at-risk/search-register/list-entry/26123",NA,NA,NA,"ALDERMASTON COURT","https://historicengland.org.uk/listing/the-list/list-entry/1000530","SU5964064639",459736,164757,NA,51.3787306341853,-1.14309047679271,"II"
1000535,"heritage-at-risk",NA,7501983,"2021-05-27","Plumpton Rocks","POINT(-1.459246 53.978351)",NA,"geography","https://historicengland.org.uk/advice/heritage-at-risk/search-register/list-entry/24969",NA,NA,NA,"PLUMPTON ROCKS","https://historicengland.org.uk/listing/the-list/list-entry/1000535","SE 35532 53730",435532,453730,NA,53.978416147753,-1.45971925357562,"II*"
1000544,"heritage-at-risk",NA,7501984,"2024-09-26","Carclew","POINT(-5.099377 50.202567)",NA,"geography","https://historicengland.org.uk/advice/heritage-at-risk/search-register/list-entry/26147",NA,NA,NA,"CARCLEW","https://historicengland.org.uk/listing/the-list/list-entry/1000544","SW7823138354",178849,38209,NA,50.2024881988882,-5.10037390973826,"II"
1000547,"heritage-at-risk",NA,7500359,"2024-09-26","Newbold College (formerly Moor Close)","POINT(-0.783100 51.423620)",NA,"geography","https://historicengland.org.uk/advice/heritage-at-risk/search-register/list-entry/24702",NA,NA,NA,"NEWBOLD COLLEGE (formerly MOOR CLOSE)","https://historicengland.org.uk/listing/the-list/list-entry/1000547","SU 84667 69999",484667,169999,NA,51.4226883638277,-0.783702234891529,"II*"
1000563,"heritage-at-risk",NA,7500360,"2024-09-26","Lansdown Cemetery and Beckford's Tower","POINT(-2.377003 51.405479)",NA,"geography","https://historicengland.org.uk/advice/heritage-at-risk/search-register/list-entry/25274",NA,NA,NA,"LANSDOWN CEMETERY AND BECKFORD'S TOWER","https://historicengland.org.uk/listing/the-list/list-entry/1000563","ST7379267520",373883,167455,NA,51.4055145303259,-2.37685886896622,"II"
1000577,"heritage-at-risk",NA,7505034,"2024-09-26","Ickwell Bury","POINT(-0.330828 52.100135)",NA,"geography","https://historicengland.org.uk/advice/heritage-at-risk/search-register/list-entry/25271",NA,NA,NA,"ICKWELL BURY","https://historicengland.org.uk/listing/the-list/list-entry/1000577","TL 13947 45918",513947,245918,NA,52.0998743484984,-0.337889578401332,"II"
1000601,"heritage-at-risk",NA,7501985,"2024-09-26","Halton House","POINT(-0.723757 51.782097)",NA,"geography","https://historicengland.org.uk/advice/heritage-at-risk/search-register/list-entry/26108",NA,NA,NA,"HALTON HOUSE","https://historicengland.org.uk/listing/the-list/list-entry/1000601","SP 88158 10020",488158,210020,NA,51.7819092555758,-0.723460310390312,"II"
1000000,"heritage-at-risk",NA,7500659,"2024-09-26","Battle of Adwalton Moor","POINT(-1.675013 53.756361)",NA,"geography","https://historicengland.org.uk/advice/heritage-at-risk/search-register/list-entry/24508",NA,NA,NA,"Battle of Adwalton Moor 1643","https://historicengland.org.uk/listing/the-list/list-entry/1000000","SE2164428855",421360,429026,NA,53.7571605557066,-1.67751079186108,NA
1000003,"heritage-at-risk",NA,7500377,"2024-09-26","Battle of Boroughbridge","POINT(-1.390626 54.098949)",NA,"geography","https://historicengland.org.uk/advice/heritage-at-risk/search-register/list-entry/24509",NA,NA,NA,"Battle of Boroughbridge 1322","https://historicengland.org.uk/listing/the-list/list-entry/1000003","SE 39851 67186",439851,467186,NA,54.0990324637578,-1.39210862568694,NA
1000025,"heritage-at-risk",NA,7500660,"2024-09-26","Battle of Newburn Ford","POINT(-1.745530 54.978350)",NA,"geography","https://historicengland.org.uk/advice/heritage-at-risk/search-register/list-entry/24542",NA,NA,NA,"Battle of Newburn Ford 1640","https://historicengland.org.uk/listing/the-list/list-entry/1000025","NZ 16383 63953",416383,563953,NA,54.9699312703893,-1.74561991663417,NA
1021635,"heritage-at-risk",NA,7501659,"2024-09-26","Courtfield House, Polebarn Road","POINT(-2.202634 51.319415)",NA,"geography","https://historicengland.org.uk/advice/heritage-at-risk/search-register/list-entry/327822",NA,NA,NA,"COURTFIELD HOUSE","https://historicengland.org.uk/listing/the-list/list-entry/1021635","ST 85975 57832",385975,157832,NA,51.3194185932372,-2.20263758792334,"II*"
